time;row;
     0;   1.27062047;
     1;   0.25257117;
     2;   0.12482040;
     3;   0.06795993;
     4;   0.03076402;
     5;  -0.00000000;
     6;  -0.03076402;
     7;  -0.06795993;
     8;  -0.12482040;
     9;  -0.25257117;
    10;  -1.27062047;
