time;row;
     0;   1.62875634;
     1;   0.75242410;
     2;   0.06721962;
     3;  -0.42415291;
     4;  -0.71975427;
     5;  -0.81841785;
     6;  -0.71975427;
     7;  -0.42415291;
     8;   0.06721962;
     9;   0.75242410;
    10;   1.62875634;
