time;row;
     0;  -4.07468183;
     1;  -1.28736822;
     2;  -0.31280330;
     3;   0.29134446;
     4;   0.63846384;
     5;   0.76644123;
     6;   0.71165521;
     7;   0.52298620;
     8;   0.26139318;
     9;  -0.00634277;
    10;  -0.21636381;
