time;row;
     0;  -1.00000000;
     1;  -0.95105652;
     2;  -0.80901699;
     3;  -0.58778525;
     4;  -0.30901699;
     5;   0.00000000;
     6;   0.30901699;
     7;   0.58778525;
     8;   0.80901699;
     9;   0.95105652;
    10;   1.00000000;
